date,name,category,value
1970-01-01,Canada,Canada,6.353
1970-01-01,United States,United States,6.232
1970-01-01,Germany,United States,5.713
1970-01-01,Sweden,Sweden,5.506
1970-01-01,France,France,5.184
1970-01-01,New Zealand,New Zealand,5.073
1970-01-01,Finland,Finland,4.986
1970-01-01,Ireland,Ireland,4.907
1970-01-01,Switzerland,Switzerland,4.901
1970-01-01,Austria,Austria,4.838
1970-01-01,Iceland,Iceland,4.73
1970-01-01,Japan,Japan,4.362
1970-01-01,Norway,Norway,3.993
1970-01-01,United Kingdom,United Kingdom,3.971
1970-01-01,Belgium,Belgium,3.836
1970-01-01,Spain,Spain,3.145
1970-01-01,Korea,Korea,2.577
1970-01-01,Portugal,Portugal,2.261
1970-01-01,Australia,Australia,0
1970-01-01,Chile,Chile,0
1970-01-01,Czech Republic,Czech Republic,0
1970-01-01,Denmark,Denmark,0
1970-01-01,Estonia,Estonia,0
1970-01-01,Greece,Greece,0
1970-01-01,Hungary,Hungary,0
1970-01-01,Israel,Israel,0
1970-01-01,Italy,Italy,0
1970-01-01,Latvia,Latvia,0
1970-01-01,Lithuania,Lithuania,0
1970-01-01,Luxembourg,Luxembourg,0
1970-01-01,Mexico,Mexico,0
1970-01-01,Netherlands,Netherlands,0
1970-01-01,Poland,Poland,0
1970-01-01,Slovak Republic,Slovak Republic,0
1970-01-01,Slovenia,Slovenia,0
1970-01-01,Turkey,Turkey,0
1971-01-01,Denmark,Denmark,7.677
1971-01-01,Canada,Canada,6.611
1971-01-01,United States,United States,6.366
1971-01-01,Germany,Germany,6.185
1971-01-01,Sweden,Sweden,5.944
1971-01-01,Ireland,Ireland,5.816
1971-01-01,Finland,Finland,5.286
1971-01-01,Iceland,Iceland,5.17
1971-01-01,Switzerland,Switzerland,5.12
1971-01-01,New Zealand,New Zealand,5.007
1971-01-01,Austria,Austria,4.77
1971-01-01,Australia,Australia,4.548
1971-01-01,Japan,Japan,4.474
1971-01-01,Norway,Norway,4.263
1971-01-01,United Kingdom,United Kingdom,4.017
1971-01-01,Belgium,Belgium,3.922
1971-01-01,Spain,Spain,3.584
1971-01-01,Portugal,Portugal,2.422
1971-01-01,Korea,Korea,2.238
1971-01-01,Chile,Chile,0
1971-01-01,Czech Republic,Czech Republic,0
1971-01-01,Estonia,Estonia,0
1971-01-01,France,France,0
1971-01-01,Greece,Greece,0
1971-01-01,Hungary,Hungary,0
1971-01-01,Israel,Israel,0
1971-01-01,Italy,Italy,0
1971-01-01,Latvia,Latvia,0
1971-01-01,Lithuania,Lithuania,0
1971-01-01,Luxembourg,Luxembourg,0
1971-01-01,Mexico,Mexico,0
1971-01-01,Netherlands,Netherlands,0
1971-01-01,Poland,Poland,0
1971-01-01,Slovak Republic,Slovak Republic,0
1971-01-01,Slovenia,Slovenia,0
1971-01-01,Turkey,Turkey,0
1972-01-01,Denmark,Denmark,7.768
1972-01-01,Canada,Canada,6.528
1972-01-01,Germany,Germany,6.509
1972-01-01,United States,United States,6.499
1972-01-01,Sweden,Sweden,6.046
1972-01-01,Ireland,Ireland,5.883
1972-01-01,Netherlands,Netherlands,5.657
1972-01-01,Finland,Finland,5.381
1972-01-01,Switzerland,Switzerland,5.086
1972-01-01,Iceland,Iceland,5.068
1972-01-01,New Zealand,New Zealand,5.012
1972-01-01,Austria,Austria,4.765
1972-01-01,Norway,Norway,4.637
1972-01-01,Japan,Japan,4.58
1972-01-01,Australia,Australia,4.548
1972-01-01,United Kingdom,United Kingdom,4.088
1972-01-01,Belgium,Belgium,4.076
1972-01-01,Spain,Spain,3.782
1972-01-01,Portugal,Portugal,2.988
1972-01-01,Korea,Korea,2.04
1972-01-01,Chile,Chile,0
1972-01-01,Czech Republic,Czech Republic,0
1972-01-01,Estonia,Estonia,0
1972-01-01,France,France,0
1972-01-01,Greece,Greece,0
1972-01-01,Hungary,Hungary,0
1972-01-01,Israel,Israel,0
1972-01-01,Italy,Italy,0
1972-01-01,Latvia,Latvia,0
1972-01-01,Lithuania,Lithuania,0
1972-01-01,Luxembourg,Luxembourg,0
1972-01-01,Mexico,Mexico,0
1972-01-01,Poland,Poland,0
1972-01-01,Slovak Republic,Slovak Republic,0
1972-01-01,Slovenia,Slovenia,0
1972-01-01,Turkey,Turkey,0
1973-01-01,Denmark,Denmark,7.585
1973-01-01,Germany,Germany,6.828
1973-01-01,United States,United States,6.517
1973-01-01,Canada,Canada,6.207
1973-01-01,Sweden,Sweden,6.02
1973-01-01,Ireland,Ireland,6.018
1973-01-01,Netherlands,Netherlands,5.698
1973-01-01,New Zealand,New Zealand,5.267
1973-01-01,Finland,Finland,5.231
1973-01-01,Switzerland,Switzerland,5.161
1973-01-01,Austria,Austria,4.857
1973-01-01,Norway,Norway,4.788
1973-01-01,Iceland,Iceland,4.644
1973-01-01,Australia,Australia,4.512
1973-01-01,Japan,Japan,4.459
1973-01-01,Belgium,Belgium,4.355
1973-01-01,United Kingdom,United Kingdom,4.019
1973-01-01,Spain,Spain,3.699
1973-01-01,Portugal,Portugal,3.231
1973-01-01,Korea,Korea,1.749
1973-01-01,Chile,Chile,0
1973-01-01,Czech Republic,Czech Republic,0
1973-01-01,Estonia,Estonia,0
1973-01-01,France,France,0
1973-01-01,Greece,Greece,0
1973-01-01,Hungary,Hungary,0
1973-01-01,Israel,Israel,0
1973-01-01,Italy,Italy,0
1973-01-01,Latvia,Latvia,0
1973-01-01,Lithuania,Lithuania,0
1973-01-01,Luxembourg,Luxembourg,0
1973-01-01,Mexico,Mexico,0
1973-01-01,Poland,Poland,0
1973-01-01,Slovak Republic,Slovak Republic,0
1973-01-01,Slovenia,Slovenia,0
1973-01-01,Turkey,Turkey,0
1974-01-01,Denmark,Denmark,8.291
1974-01-01,Germany,Germany,7.353
1974-01-01,United States,United States,6.836
1974-01-01,Ireland,Ireland,6.505
1974-01-01,Sweden,Sweden,6.26
1974-01-01,Canada,Canada,6.091
1974-01-01,New Zealand,New Zealand,5.93
1974-01-01,Netherlands,Netherlands,5.895
1974-01-01,Switzerland,Switzerland,5.512
1974-01-01,Iceland,Iceland,5.302
1974-01-01,Finland,Finland,5.168
1974-01-01,Australia,Australia,5.114
1974-01-01,Austria,Austria,5.086
1974-01-01,Japan,Japan,4.895
1974-01-01,Norway,Norway,4.788
1974-01-01,United Kingdom,United Kingdom,4.647
1974-01-01,Belgium,Belgium,4.419
1974-01-01,Spain,Spain,4.028
1974-01-01,Portugal,Portugal,3.456
1974-01-01,Korea,Korea,1.521
1974-01-01,Chile,Chile,0
1974-01-01,Czech Republic,Czech Republic,0
1974-01-01,Estonia,Estonia,0
1974-01-01,France,France,0
1974-01-01,Greece,Greece,0
1974-01-01,Hungary,Hungary,0
1974-01-01,Israel,Israel,0
1974-01-01,Italy,Italy,0
1974-01-01,Latvia,Latvia,0
1974-01-01,Lithuania,Lithuania,0
1974-01-01,Luxembourg,Luxembourg,0
1974-01-01,Mexico,Mexico,0
1974-01-01,Poland,Poland,0
1974-01-01,Slovak Republic,Slovak Republic,0
1974-01-01,Slovenia,Slovenia,0
1974-01-01,Turkey,Turkey,0
1975-01-01,Denmark,Denmark,8.536
1975-01-01,Germany,Germany,8.017
1975-01-01,United States,United States,7.171
1975-01-01,Ireland,Ireland,6.593
1975-01-01,Sweden,Sweden,6.545
1975-01-01,Canada,Canada,6.538
1975-01-01,Austria,Austria,6.507
1975-01-01,New Zealand,New Zealand,6.466
1975-01-01,Switzerland,Switzerland,6.281
1975-01-01,Netherlands,Netherlands,6.238
1975-01-01,France,France,6.136
1975-01-01,Australia,Australia,5.761
1975-01-01,Iceland,Iceland,5.727
1975-01-01,Finland,Finland,5.65
1975-01-01,Belgium,Belgium,5.518
1975-01-01,Japan,Japan,5.413
1975-01-01,Norway,Norway,5.194
1975-01-01,United Kingdom,United Kingdom,4.933
1975-01-01,Portugal,Portugal,4.731
1975-01-01,Israel,Israel,4.451
1975-01-01,Spain,Spain,4.192
1975-01-01,Korea,Korea,2.306
1975-01-01,Turkey,Turkey,2.156
1975-01-01,Chile,Chile,0
1975-01-01,Czech Republic,Czech Republic,0
1975-01-01,Estonia,Estonia,0
1975-01-01,Greece,Greece,0
1975-01-01,Hungary,Hungary,0
1975-01-01,Italy,Italy,0
1975-01-01,Latvia,Latvia,0
1975-01-01,Lithuania,Lithuania,0
1975-01-01,Luxembourg,Luxembourg,0
1975-01-01,Mexico,Mexico,0
1975-01-01,Poland,Poland,0
1975-01-01,Slovak Republic,Slovak Republic,0
1975-01-01,Slovenia,Slovenia,0
1976-01-01,Denmark,Denmark,8.441
1976-01-01,Germany,Germany,8.038
1976-01-01,United States,United States,7.419
1976-01-01,Sweden,Sweden,6.831
1976-01-01,Austria,Austria,6.74
1976-01-01,Canada,Canada,6.574
1976-01-01,Switzerland,Switzerland,6.502
1976-01-01,Ireland,Ireland,6.436
1976-01-01,Netherlands,Netherlands,6.176
1976-01-01,New Zealand,New Zealand,6.055
1976-01-01,Finland,Finland,5.988
1976-01-01,Australia,Australia,5.778
1976-01-01,Belgium,Belgium,5.725
1976-01-01,Japan,Japan,5.413
1976-01-01,Iceland,Iceland,5.373
1976-01-01,Norway,Norway,5.324
1976-01-01,Israel,Israel,5.106
1976-01-01,United Kingdom,United Kingdom,4.949
1976-01-01,Spain,Spain,4.668
1976-01-01,Portugal,Portugal,4.579
1976-01-01,Luxembourg,Luxembourg,3.898
1976-01-01,Korea,Korea,2.332
1976-01-01,Turkey,Turkey,1.695
1976-01-01,Chile,Chile,0
1976-01-01,Czech Republic,Czech Republic,0
1976-01-01,Estonia,Estonia,0
1976-01-01,France,France,0
1976-01-01,Greece,Greece,0
1976-01-01,Hungary,Hungary,0
1976-01-01,Italy,Italy,0
1976-01-01,Latvia,Latvia,0
1976-01-01,Lithuania,Lithuania,0
1976-01-01,Mexico,Mexico,0
1976-01-01,Poland,Poland,0
1976-01-01,Slovak Republic,Slovak Republic,0
1976-01-01,Slovenia,Slovenia,0
1977-01-01,Denmark,Denmark,8.259
1977-01-01,Germany,Germany,7.971
1977-01-01,United States,United States,7.668
1977-01-01,Sweden,Sweden,7.588
1977-01-01,Austria,Austria,6.681
1977-01-01,Canada,Canada,6.553
1977-01-01,Switzerland,Switzerland,6.497
1977-01-01,New Zealand,New Zealand,6.325
1977-01-01,Netherlands,Netherlands,6.265
1977-01-01,Belgium,Belgium,6.193
1977-01-01,Finland,Finland,6.192
1977-01-01,Ireland,Ireland,6.134
1977-01-01,Australia,Australia,6.078
1977-01-01,Israel,Israel,5.758
1977-01-01,Japan,Japan,5.549
1977-01-01,Norway,Norway,5.547
1977-01-01,Iceland,Iceland,5.32
1977-01-01,Spain,Spain,4.916
1977-01-01,United Kingdom,United Kingdom,4.846
1977-01-01,Luxembourg,Luxembourg,4.24
1977-01-01,Portugal,Portugal,4.086
1977-01-01,Korea,Korea,2.214
1977-01-01,Turkey,Turkey,1.988
1977-01-01,Chile,Chile,0
1977-01-01,Czech Republic,Czech Republic,0
1977-01-01,Estonia,Estonia,0
1977-01-01,France,France,0
1977-01-01,Greece,Greece,0
1977-01-01,Hungary,Hungary,0
1977-01-01,Italy,Italy,0
1977-01-01,Latvia,Latvia,0
1977-01-01,Lithuania,Lithuania,0
1977-01-01,Mexico,Mexico,0
1977-01-01,Poland,Poland,0
1977-01-01,Slovak Republic,Slovak Republic,0
1977-01-01,Slovenia,Slovenia,0
1978-01-01,Denmark,Denmark,8.377
1978-01-01,Germany,Germany,8.046
1978-01-01,United States,United States,7.64
1978-01-01,Sweden,Sweden,7.636
1978-01-01,Austria,Austria,6.949
1978-01-01,New Zealand,New Zealand,6.738
1978-01-01,Canada,Canada,6.526
1978-01-01,Switzerland,Switzerland,6.507
1978-01-01,Ireland,Ireland,6.459
1978-01-01,Belgium,Belgium,6.382
1978-01-01,Netherlands,Netherlands,6.382
1978-01-01,Israel,Israel,6.324
1978-01-01,Finland,Finland,6.131
1978-01-01,Norway,Norway,6.093
1978-01-01,Australia,Australia,5.94
1978-01-01,Japan,Japan,5.736
1978-01-01,Iceland,Iceland,5.724
1978-01-01,Spain,Spain,4.954
1978-01-01,United Kingdom,United Kingdom,4.798
1978-01-01,Luxembourg,Luxembourg,4.475
1978-01-01,Portugal,Portugal,4.214
1978-01-01,Korea,Korea,2.405
1978-01-01,Turkey,Turkey,2.226
1978-01-01,Chile,Chile,0
1978-01-01,Czech Republic,Czech Republic,0
1978-01-01,Estonia,Estonia,0
1978-01-01,France,France,0
1978-01-01,Greece,Greece,0
1978-01-01,Hungary,Hungary,0
1978-01-01,Italy,Italy,0
1978-01-01,Latvia,Latvia,0
1978-01-01,Lithuania,Lithuania,0
1978-01-01,Mexico,Mexico,0
1978-01-01,Poland,Poland,0
1978-01-01,Slovak Republic,Slovak Republic,0
1978-01-01,Slovenia,Slovenia,0
1979-01-01,Denmark,Denmark,8.474
1979-01-01,Germany,Germany,7.899
1979-01-01,United States,United States,7.772
1979-01-01,Sweden,Sweden,7.526
1979-01-01,Austria,Austria,6.924
1979-01-01,Israel,Israel,6.863
1979-01-01,Ireland,Ireland,6.796
1979-01-01,Switzerland,Switzerland,6.598
1979-01-01,Netherlands,Netherlands,6.544
1979-01-01,Iceland,Iceland,6.469
1979-01-01,Canada,Canada,6.414
1979-01-01,Belgium,Belgium,6.364
1979-01-01,New Zealand,New Zealand,6.327
1979-01-01,Finland,Finland,5.985
1979-01-01,Japan,Japan,5.857
1979-01-01,Australia,Australia,5.83
1979-01-01,Norway,Norway,5.569
1979-01-01,Spain,Spain,4.902
1979-01-01,United Kingdom,United Kingdom,4.74
1979-01-01,Luxembourg,Luxembourg,4.544
1979-01-01,Portugal,Portugal,4.095
1979-01-01,Korea,Korea,3.134
1979-01-01,Turkey,Turkey,2.293
1979-01-01,Chile,Chile,0
1979-01-01,Czech Republic,Czech Republic,0
1979-01-01,Estonia,Estonia,0
1979-01-01,France,France,0
1979-01-01,Greece,Greece,0
1979-01-01,Hungary,Hungary,0
1979-01-01,Italy,Italy,0
1979-01-01,Latvia,Latvia,0
1979-01-01,Lithuania,Lithuania,0
1979-01-01,Mexico,Mexico,0
1979-01-01,Poland,Poland,0
1979-01-01,Slovak Republic,Slovak Republic,0
1979-01-01,Slovenia,Slovenia,0
1980-01-01,Denmark,Denmark,8.416
1980-01-01,United States,United States,8.226
1980-01-01,Germany,Germany,8.098
1980-01-01,Sweden,Sweden,7.836
1980-01-01,Ireland,Ireland,7.497
1980-01-01,Austria,Austria,7.022
1980-01-01,Israel,Israel,6.957
1980-01-01,France,France,6.737
1980-01-01,Switzerland,Switzerland,6.631
1980-01-01,Netherlands,Netherlands,6.598
1980-01-01,Canada,Canada,6.588
1980-01-01,Japan,Japan,6.247
1980-01-01,Belgium,Belgium,6.148
1980-01-01,Iceland,Iceland,5.99
1980-01-01,Finland,Finland,5.912
1980-01-01,Australia,Australia,5.831
1980-01-01,New Zealand,New Zealand,5.762
1980-01-01,Norway,Norway,5.41
1980-01-01,United Kingdom,United Kingdom,5.063
1980-01-01,Spain,Spain,4.967
1980-01-01,Portugal,Portugal,4.789
1980-01-01,Luxembourg,Luxembourg,4.642
1980-01-01,Korea,Korea,3.458
1980-01-01,Turkey,Turkey,2.361
1980-01-01,Chile,Chile,0
1980-01-01,Czech Republic,Czech Republic,0
1980-01-01,Estonia,Estonia,0
1980-01-01,Greece,Greece,0
1980-01-01,Hungary,Hungary,0
1980-01-01,Italy,Italy,0
1980-01-01,Latvia,Latvia,0
1980-01-01,Lithuania,Lithuania,0
1980-01-01,Mexico,Mexico,0
1980-01-01,Poland,Poland,0
1980-01-01,Slovak Republic,Slovak Republic,0
1980-01-01,Slovenia,Slovenia,0
1981-01-01,Denmark,Denmark,8.575
1981-01-01,United States,United States,8.515
1981-01-01,Germany,Germany,8.397
1981-01-01,Sweden,Sweden,7.939
1981-01-01,Ireland,Ireland,7.092
1981-01-01,Canada,Canada,6.789
1981-01-01,Israel,Israel,6.745
1981-01-01,Switzerland,Switzerland,6.691
1981-01-01,Netherlands,Netherlands,6.69
1981-01-01,Belgium,Belgium,6.561
1981-01-01,Japan,Japan,6.33
1981-01-01,Iceland,Iceland,6.121
1981-01-01,Finland,Finland,6.036
1981-01-01,Austria,Austria,6.024
1981-01-01,Australia,Australia,5.841
1981-01-01,New Zealand,New Zealand,5.719
1981-01-01,Norway,Norway,5.44
1981-01-01,United Kingdom,United Kingdom,5.285
1981-01-01,Spain,Spain,5.104
1981-01-01,Portugal,Portugal,5.024
1981-01-01,Luxembourg,Luxembourg,4.763
1981-01-01,Korea,Korea,3.597
1981-01-01,Turkey,Turkey,2.574
1981-01-01,Chile,Chile,0
1981-01-01,Czech Republic,Czech Republic,0
1981-01-01,Estonia,Estonia,0
1981-01-01,France,France,0
1981-01-01,Greece,Greece,0
1981-01-01,Hungary,Hungary,0
1981-01-01,Italy,Italy,0
1981-01-01,Latvia,Latvia,0
1981-01-01,Lithuania,Lithuania,0
1981-01-01,Mexico,Mexico,0
1981-01-01,Poland,Poland,0
1981-01-01,Slovak Republic,Slovak Republic,0
1981-01-01,Slovenia,Slovenia,0
1982-01-01,United States,United States,9.209
1982-01-01,Denmark,Denmark,8.624
1982-01-01,Germany,Germany,8.228
1982-01-01,Sweden,Sweden,8.026
1982-01-01,Canada,Canada,7.522
1982-01-01,Ireland,Ireland,6.948
1982-01-01,Netherlands,Netherlands,6.917
1982-01-01,Switzerland,Switzerland,6.828
1982-01-01,Israel,Israel,6.799
1982-01-01,Belgium,Belgium,6.788
1982-01-01,Japan,Japan,6.479
1982-01-01,Iceland,Iceland,6.412
1982-01-01,Finland,Finland,6.129
1982-01-01,Australia,Australia,6.107
1982-01-01,Austria,Austria,5.999
1982-01-01,New Zealand,New Zealand,5.759
1982-01-01,Norway,Norway,5.64
1982-01-01,Spain,Spain,5.196
1982-01-01,United Kingdom,United Kingdom,5.123
1982-01-01,Portugal,Portugal,5.084
1982-01-01,Luxembourg,Luxembourg,4.641
1982-01-01,Korea,Korea,3.556
1982-01-01,Turkey,Turkey,2.146
1982-01-01,Chile,Chile,0
1982-01-01,Czech Republic,Czech Republic,0
1982-01-01,Estonia,Estonia,0
1982-01-01,France,France,0
1982-01-01,Greece,Greece,0
1982-01-01,Hungary,Hungary,0
1982-01-01,Italy,Italy,0
1982-01-01,Latvia,Latvia,0
1982-01-01,Lithuania,Lithuania,0
1982-01-01,Mexico,Mexico,0
1982-01-01,Poland,Poland,0
1982-01-01,Slovak Republic,Slovak Republic,0
1982-01-01,Slovenia,Slovenia,0
1983-01-01,United States,United States,9.33
1983-01-01,Denmark,Denmark,8.418
1983-01-01,Germany,Germany,8.22
1983-01-01,Sweden,Sweden,7.937
1983-01-01,Canada,Canada,7.694
1983-01-01,Israel,Israel,7.27
1983-01-01,Switzerland,Switzerland,7.192
1983-01-01,Iceland,Iceland,7.03
1983-01-01,Ireland,Ireland,6.973
1983-01-01,Belgium,Belgium,6.954
1983-01-01,Netherlands,Netherlands,6.917
1983-01-01,Japan,Japan,6.549
1983-01-01,Finland,Finland,6.217
1983-01-01,Australia,Australia,6.054
1983-01-01,Austria,Austria,5.832
1983-01-01,Norway,Norway,5.822
1983-01-01,New Zealand,New Zealand,5.61
1983-01-01,Spain,Spain,5.348
1983-01-01,United Kingdom,United Kingdom,5.321
1983-01-01,Portugal,Portugal,4.824
1983-01-01,Luxembourg,Luxembourg,4.557
1983-01-01,Korea,Korea,3.449
1983-01-01,Turkey,Turkey,2.194
1983-01-01,Chile,Chile,0
1983-01-01,Czech Republic,Czech Republic,0
1983-01-01,Estonia,Estonia,0
1983-01-01,France,France,0
1983-01-01,Greece,Greece,0
1983-01-01,Hungary,Hungary,0
1983-01-01,Italy,Italy,0
1983-01-01,Latvia,Latvia,0
1983-01-01,Lithuania,Lithuania,0
1983-01-01,Mexico,Mexico,0
1983-01-01,Poland,Poland,0
1983-01-01,Slovak Republic,Slovak Republic,0
1983-01-01,Slovenia,Slovenia,0
1984-01-01,United States,United States,9.284
1984-01-01,Israel,Israel,8.799
1984-01-01,Germany,Germany,8.336
1984-01-01,Denmark,Denmark,7.97
1984-01-01,Sweden,Sweden,7.745
1984-01-01,Canada,Canada,7.58
1984-01-01,Switzerland,Switzerland,6.952
1984-01-01,Ireland,Ireland,6.815
1984-01-01,Belgium,Belgium,6.797
1984-01-01,Netherlands,Netherlands,6.64
1984-01-01,Iceland,Iceland,6.627
1984-01-01,Japan,Japan,6.368
1984-01-01,Finland,Finland,6.261
1984-01-01,Australia,Australia,6.025
1984-01-01,Austria,Austria,5.879
1984-01-01,Norway,Norway,5.479
1984-01-01,New Zealand,New Zealand,5.312
1984-01-01,United Kingdom,United Kingdom,5.237
1984-01-01,Spain,Spain,5.16
1984-01-01,Portugal,Portugal,4.95
1984-01-01,Luxembourg,Luxembourg,4.47
1984-01-01,Korea,Korea,3.279
1984-01-01,Turkey,Turkey,2.114
1984-01-01,Chile,Chile,0
1984-01-01,Czech Republic,Czech Republic,0
1984-01-01,Estonia,Estonia,0
1984-01-01,France,France,0
1984-01-01,Greece,Greece,0
1984-01-01,Hungary,Hungary,0
1984-01-01,Italy,Italy,0
1984-01-01,Latvia,Latvia,0
1984-01-01,Lithuania,Lithuania,0
1984-01-01,Mexico,Mexico,0
1984-01-01,Poland,Poland,0
1984-01-01,Slovak Republic,Slovak Republic,0
1984-01-01,Slovenia,Slovenia,0
1985-01-01,United States,United States,9.498
1985-01-01,Germany,Germany,8.481
1985-01-01,Denmark,Denmark,7.947
1985-01-01,France,France,7.643
1985-01-01,Canada,Canada,7.588
1985-01-01,Switzerland,Switzerland,7.51
1985-01-01,Sweden,Sweden,7.352
1985-01-01,Iceland,Iceland,6.863
1985-01-01,Belgium,Belgium,6.846
1985-01-01,Ireland,Ireland,6.832
1985-01-01,Finland,Finland,6.654
1985-01-01,Netherlands,Netherlands,6.629
1985-01-01,Israel,Israel,6.554
1985-01-01,Japan,Japan,6.481
1985-01-01,Australia,Australia,6.077
1985-01-01,Austria,Austria,6.008
1985-01-01,Norway,Norway,5.477
1985-01-01,Portugal,Portugal,5.367
1985-01-01,United Kingdom,United Kingdom,5.14
1985-01-01,Spain,Spain,5.044
1985-01-01,New Zealand,New Zealand,4.883
1985-01-01,Luxembourg,Luxembourg,4.53
1985-01-01,Korea,Korea,3.316
1985-01-01,Turkey,Turkey,1.49
1985-01-01,Chile,Chile,0
1985-01-01,Czech Republic,Czech Republic,0
1985-01-01,Estonia,Estonia,0
1985-01-01,Greece,Greece,0
1985-01-01,Hungary,Hungary,0
1985-01-01,Italy,Italy,0
1985-01-01,Latvia,Latvia,0
1985-01-01,Lithuania,Lithuania,0
1985-01-01,Mexico,Mexico,0
1985-01-01,Poland,Poland,0
1985-01-01,Slovak Republic,Slovak Republic,0
1985-01-01,Slovenia,Slovenia,0
1986-01-01,United States,United States,9.667
1986-01-01,Germany,Germany,8.376
1986-01-01,Canada,Canada,7.83
1986-01-01,Denmark,Denmark,7.734
1986-01-01,Switzerland,Switzerland,7.676
1986-01-01,Iceland,Iceland,7.324
1986-01-01,Sweden,Sweden,7.121
1986-01-01,Belgium,Belgium,7.017
1986-01-01,Finland,Finland,6.753
1986-01-01,Ireland,Ireland,6.739
1986-01-01,Netherlands,Netherlands,6.716
1986-01-01,Japan,Japan,6.414
1986-01-01,Australia,Australia,6.275
1986-01-01,Austria,Austria,6.115
1986-01-01,Israel,Israel,6.103
1986-01-01,Portugal,Portugal,5.932
1986-01-01,Norway,Norway,5.918
1986-01-01,United Kingdom,United Kingdom,5.125
1986-01-01,New Zealand,New Zealand,5.037
1986-01-01,Spain,Spain,5.005
1986-01-01,Luxembourg,Luxembourg,4.501
1986-01-01,Korea,Korea,3.192
1986-01-01,Turkey,Turkey,1.835
1986-01-01,Chile,Chile,0
1986-01-01,Czech Republic,Czech Republic,0
1986-01-01,Estonia,Estonia,0
1986-01-01,France,France,0
1986-01-01,Greece,Greece,0
1986-01-01,Hungary,Hungary,0
1986-01-01,Italy,Italy,0
1986-01-01,Latvia,Latvia,0
1986-01-01,Lithuania,Lithuania,0
1986-01-01,Mexico,Mexico,0
1986-01-01,Poland,Poland,0
1986-01-01,Slovak Republic,Slovak Republic,0
1986-01-01,Slovenia,Slovenia,0
1987-01-01,United States,United States,9.903
1987-01-01,Germany,Germany,8.48
1987-01-01,Denmark,Denmark,8.054
1987-01-01,Switzerland,Switzerland,7.859
1987-01-01,Canada,Canada,7.771
1987-01-01,Iceland,Iceland,7.502
1987-01-01,Sweden,Sweden,7.2
1987-01-01,Belgium,Belgium,7.123
1987-01-01,Finland,Finland,6.893
1987-01-01,Netherlands,Netherlands,6.825
1987-01-01,Ireland,Ireland,6.444
1987-01-01,Austria,Austria,6.405
1987-01-01,Japan,Japan,6.388
1987-01-01,Israel,Israel,6.199
1987-01-01,Norway,Norway,6.154
1987-01-01,Australia,Australia,6.111
1987-01-01,Portugal,Portugal,5.768
1987-01-01,New Zealand,New Zealand,5.575
1987-01-01,United Kingdom,United Kingdom,5.178
1987-01-01,Spain,Spain,5.074
1987-01-01,Luxembourg,Luxembourg,4.899
1987-01-01,Korea,Korea,3.109
1987-01-01,Turkey,Turkey,1.896
1987-01-01,Chile,Chile,0
1987-01-01,Czech Republic,Czech Republic,0
1987-01-01,Estonia,Estonia,0
1987-01-01,France,France,0
1987-01-01,Greece,Greece,0
1987-01-01,Hungary,Hungary,0
1987-01-01,Italy,Italy,0
1987-01-01,Latvia,Latvia,0
1987-01-01,Lithuania,Lithuania,0
1987-01-01,Mexico,Mexico,0
1987-01-01,Poland,Poland,0
1987-01-01,Slovak Republic,Slovak Republic,0
1987-01-01,Slovenia,Slovenia,0
1988-01-01,United States,United States,10.29
1988-01-01,Germany,Germany,8.66
1988-01-01,Denmark,Denmark,8.191
1988-01-01,Iceland,Iceland,8.092
1988-01-01,Switzerland,Switzerland,7.903
1988-01-01,Canada,Canada,7.769
1988-01-01,Belgium,Belgium,7.122
1988-01-01,Sweden,Sweden,7.116
1988-01-01,Netherlands,Netherlands,6.753
1988-01-01,Finland,Finland,6.7
1988-01-01,Italy,Italy,6.67
1988-01-01,Israel,Israel,6.439
1988-01-01,Austria,Austria,6.397
1988-01-01,Norway,Norway,6.291
1988-01-01,Ireland,Ireland,6.132
1988-01-01,Japan,Japan,6.105
1988-01-01,New Zealand,New Zealand,6.087
1988-01-01,Australia,Australia,6.066
1988-01-01,Portugal,Portugal,6.008
1988-01-01,Spain,Spain,5.643
1988-01-01,Greece,Greece,5.484
1988-01-01,United Kingdom,United Kingdom,5.089
1988-01-01,Luxembourg,Luxembourg,5.072
1988-01-01,Korea,Korea,3.245
1988-01-01,Turkey,Turkey,2.074
1988-01-01,Chile,Chile,0
1988-01-01,Czech Republic,Czech Republic,0
1988-01-01,Estonia,Estonia,0
1988-01-01,France,France,0
1988-01-01,Hungary,Hungary,0
1988-01-01,Latvia,Latvia,0
1988-01-01,Lithuania,Lithuania,0
1988-01-01,Mexico,Mexico,0
1988-01-01,Poland,Poland,0
1988-01-01,Slovak Republic,Slovak Republic,0
1988-01-01,Slovenia,Slovenia,0
1989-01-01,United States,United States,10.645
1989-01-01,Germany,Germany,8.063
1989-01-01,Denmark,Denmark,8.061
1989-01-01,Canada,Canada,7.976
1989-01-01,Iceland,Iceland,7.912
1989-01-01,Switzerland,Switzerland,7.909
1989-01-01,Sweden,Sweden,7.175
1989-01-01,Belgium,Belgium,7.066
1989-01-01,Netherlands,Netherlands,6.923
1989-01-01,Israel,Israel,6.912
1989-01-01,Finland,Finland,6.74
1989-01-01,Italy,Italy,6.657
1989-01-01,Austria,Austria,6.54
1989-01-01,New Zealand,New Zealand,6.24
1989-01-01,Australia,Australia,6.118
1989-01-01,Norway,Norway,6.118
1989-01-01,Greece,Greece,6.013
1989-01-01,Japan,Japan,5.896
1989-01-01,Spain,Spain,5.767
1989-01-01,Ireland,Ireland,5.756
1989-01-01,Portugal,Portugal,5.538
1989-01-01,United Kingdom,United Kingdom,5.037
1989-01-01,Luxembourg,Luxembourg,4.941
1989-01-01,Korea,Korea,3.732
1989-01-01,Turkey,Turkey,2.275
1989-01-01,Chile,Chile,0
1989-01-01,Czech Republic,Czech Republic,0
1989-01-01,Estonia,Estonia,0
1989-01-01,France,France,0
1989-01-01,Hungary,Hungary,0
1989-01-01,Latvia,Latvia,0
1989-01-01,Lithuania,Lithuania,0
1989-01-01,Mexico,Mexico,0
1989-01-01,Poland,Poland,0
1989-01-01,Slovak Republic,Slovak Republic,0
1989-01-01,Slovenia,Slovenia,0
1990-01-01,United States,United States,11.273
1990-01-01,Canada,Canada,8.394
1990-01-01,Denmark,Denmark,8.038
1990-01-01,Germany,Germany,8.031
1990-01-01,France,France,7.958
1990-01-01,Switzerland,Switzerland,7.852
1990-01-01,Austria,Austria,7.718
1990-01-01,Iceland,Iceland,7.557
1990-01-01,Sweden,Sweden,7.256
1990-01-01,Finland,Finland,7.248
1990-01-01,Belgium,Belgium,7.109
1990-01-01,Netherlands,Netherlands,7.082
1990-01-01,Norway,Norway,7.075
1990-01-01,Italy,Italy,7.015
1990-01-01,New Zealand,New Zealand,6.664
1990-01-01,Israel,Israel,6.499
1990-01-01,Australia,Australia,6.479
1990-01-01,Spain,Spain,6.101
1990-01-01,Greece,Greece,6.07
1990-01-01,Japan,Japan,5.757
1990-01-01,Ireland,Ireland,5.608
1990-01-01,Portugal,Portugal,5.516
1990-01-01,Luxembourg,Luxembourg,5.127
1990-01-01,United Kingdom,United Kingdom,5.09
1990-01-01,Poland,Poland,4.333
1990-01-01,Czech Republic,Czech Republic,3.736
1990-01-01,Korea,Korea,3.68
1990-01-01,Turkey,Turkey,2.451
1990-01-01,Chile,Chile,0
1990-01-01,Estonia,Estonia,0
1990-01-01,Hungary,Hungary,0
1990-01-01,Latvia,Latvia,0
1990-01-01,Lithuania,Lithuania,0
1990-01-01,Mexico,Mexico,0
1990-01-01,Slovak Republic,Slovak Republic,0
1990-01-01,Slovenia,Slovenia,0
1991-01-01,United States,United States,11.948
1991-01-01,Canada,Canada,9.081
1991-01-01,Switzerland,Switzerland,8.479
1991-01-01,Finland,Finland,8.314
1991-01-01,France,France,8.18
1991-01-01,Denmark,Denmark,7.94
1991-01-01,Austria,Austria,7.782
1991-01-01,Iceland,Iceland,7.736
1991-01-01,Belgium,Belgium,7.419
1991-01-01,Norway,Norway,7.35
1991-01-01,Netherlands,Netherlands,7.262
1991-01-01,Italy,Italy,7.25
1991-01-01,Sweden,Sweden,7.244
1991-01-01,New Zealand,New Zealand,7.099
1991-01-01,Australia,Australia,6.776
1991-01-01,Hungary,Hungary,6.358
1991-01-01,Spain,Spain,6.288
1991-01-01,Israel,Israel,6.198
1991-01-01,Ireland,Ireland,6.059
1991-01-01,Portugal,Portugal,6.039
1991-01-01,Greece,Greece,5.923
1991-01-01,Japan,Japan,5.774
1991-01-01,United Kingdom,United Kingdom,5.486
1991-01-01,Luxembourg,Luxembourg,4.92
1991-01-01,Poland,Poland,4.795
1991-01-01,Czech Republic,Czech Republic,3.872
1991-01-01,Korea,Korea,3.52
1991-01-01,Turkey,Turkey,2.786
1991-01-01,Chile,Chile,0
1991-01-01,Estonia,Estonia,0
1991-01-01,Germany,Germany,0
1991-01-01,Latvia,Latvia,0
1991-01-01,Lithuania,Lithuania,0
1991-01-01,Mexico,Mexico,0
1991-01-01,Slovak Republic,Slovak Republic,0
1991-01-01,Slovenia,Slovenia,0
1992-01-01,United States,United States,12.215
1992-01-01,Canada,Canada,9.332
1992-01-01,Germany,Germany,9.025
1992-01-01,Switzerland,Switzerland,8.858
1992-01-01,Finland,Finland,8.514
1992-01-01,France,France,8.403
1992-01-01,Austria,Austria,8.077
1992-01-01,Denmark,Denmark,7.956
1992-01-01,Iceland,Iceland,7.941
1992-01-01,Belgium,Belgium,7.598
1992-01-01,Sweden,Sweden,7.528
1992-01-01,Norway,Norway,7.501
1992-01-01,Netherlands,Netherlands,7.472
1992-01-01,New Zealand,New Zealand,7.23
1992-01-01,Italy,Italy,7.118
1992-01-01,Hungary,Hungary,6.846
1992-01-01,Australia,Australia,6.841
1992-01-01,Spain,Spain,6.663
1992-01-01,Greece,Greece,6.48
1992-01-01,Israel,Israel,6.458
1992-01-01,Ireland,Ireland,6.32
1992-01-01,Portugal,Portugal,6.186
1992-01-01,Japan,Japan,6.025
1992-01-01,United Kingdom,United Kingdom,5.935
1992-01-01,Luxembourg,Luxembourg,5.162
1992-01-01,Poland,Poland,5.022
1992-01-01,Czech Republic,Czech Republic,3.995
1992-01-01,Korea,Korea,3.644
1992-01-01,Turkey,Turkey,2.747
1992-01-01,Chile,Chile,0
1992-01-01,Estonia,Estonia,0
1992-01-01,Latvia,Latvia,0
1992-01-01,Lithuania,Lithuania,0
1992-01-01,Mexico,Mexico,0
1992-01-01,Slovak Republic,Slovak Republic,0
1992-01-01,Slovenia,Slovenia,0
1993-01-01,United States,United States,12.469
1993-01-01,Canada,Canada,9.216
1993-01-01,Germany,Germany,8.993
1993-01-01,Switzerland,Switzerland,8.962
1993-01-01,France,France,8.809
1993-01-01,Austria,Austria,8.601
1993-01-01,Denmark,Denmark,8.289
1993-01-01,Iceland,Iceland,8.031
1993-01-01,Finland,Finland,7.829
1993-01-01,Sweden,Sweden,7.772
1993-01-01,Belgium,Belgium,7.722
1993-01-01,Netherlands,Netherlands,7.572
1993-01-01,Norway,Norway,7.38
1993-01-01,Greece,Greece,7.271
1993-01-01,Italy,Italy,7.088
1993-01-01,Spain,Spain,6.967
1993-01-01,New Zealand,New Zealand,6.935
1993-01-01,Hungary,Hungary,6.911
1993-01-01,Australia,Australia,6.857
1993-01-01,Israel,Israel,6.628
1993-01-01,Portugal,Portugal,6.452
1993-01-01,Ireland,Ireland,6.369
1993-01-01,Japan,Japan,6.332
1993-01-01,United Kingdom,United Kingdom,6.003
1993-01-01,Czech Republic,Czech Republic,5.351
1993-01-01,Luxembourg,Luxembourg,5.228
1993-01-01,Poland,Poland,5.122
1993-01-01,Korea,Korea,3.558
1993-01-01,Turkey,Turkey,2.695
1993-01-01,Chile,Chile,0
1993-01-01,Estonia,Estonia,0
1993-01-01,Latvia,Latvia,0
1993-01-01,Lithuania,Lithuania,0
1993-01-01,Mexico,Mexico,0
1993-01-01,Slovak Republic,Slovak Republic,0
1993-01-01,Slovenia,Slovenia,0
1994-01-01,United States,United States,12.392
1994-01-01,Germany,Germany,9.227
1994-01-01,Switzerland,Switzerland,9.09
1994-01-01,Austria,Austria,8.99
1994-01-01,Canada,Canada,8.862
1994-01-01,France,France,8.793
1994-01-01,Denmark,Denmark,8.077
1994-01-01,Greece,Greece,7.978
1994-01-01,Iceland,Iceland,7.853
1994-01-01,Belgium,Belgium,7.52
1994-01-01,Netherlands,Netherlands,7.454
1994-01-01,Hungary,Hungary,7.386
1994-01-01,Sweden,Sweden,7.377
1994-01-01,Norway,Norway,7.293
1994-01-01,Finland,Finland,7.283
1994-01-01,Israel,Israel,7.103
1994-01-01,New Zealand,New Zealand,6.954
1994-01-01,Italy,Italy,6.934
1994-01-01,Spain,Spain,6.893
1994-01-01,Australia,Australia,6.889
1994-01-01,Japan,Japan,6.584
1994-01-01,Portugal,Portugal,6.427
1994-01-01,Ireland,Ireland,6.268
1994-01-01,United Kingdom,United Kingdom,6.078
1994-01-01,Czech Republic,Czech Republic,5.513
1994-01-01,Luxembourg,Luxembourg,5.093
1994-01-01,Poland,Poland,5.004
1994-01-01,Korea,Korea,3.434
1994-01-01,Turkey,Turkey,2.624
1994-01-01,Chile,Chile,0
1994-01-01,Estonia,Estonia,0
1994-01-01,Latvia,Latvia,0
1994-01-01,Lithuania,Lithuania,0
1994-01-01,Mexico,Mexico,0
1994-01-01,Slovak Republic,Slovak Republic,0
1994-01-01,Slovenia,Slovenia,0
1995-01-01,United States,United States,12.502
1995-01-01,France,France,9.83
1995-01-01,Germany,Germany,9.5
1995-01-01,Switzerland,Switzerland,9.321
1995-01-01,Austria,Austria,8.924
1995-01-01,Canada,Canada,8.559
1995-01-01,Iceland,Iceland,7.979
1995-01-01,Greece,Greece,7.974
1995-01-01,Denmark,Denmark,7.771
1995-01-01,Belgium,Belgium,7.479
1995-01-01,Netherlands,Netherlands,7.364
1995-01-01,Finland,Finland,7.354
1995-01-01,Sweden,Sweden,7.292
1995-01-01,Norway,Norway,7.273
1995-01-01,Portugal,Portugal,7.199
1995-01-01,Spain,Spain,7.048
1995-01-01,New Zealand,New Zealand,6.949
1995-01-01,Australia,Australia,6.935
1995-01-01,Israel,Israel,6.917
1995-01-01,Italy,Italy,6.871
1995-01-01,Hungary,Hungary,6.726
1995-01-01,Japan,Japan,6.282
1995-01-01,Ireland,Ireland,6.1
1995-01-01,Czech Republic,Czech Republic,5.736
1995-01-01,United Kingdom,United Kingdom,5.6
1995-01-01,Luxembourg,Luxembourg,5.331
1995-01-01,Poland,Poland,4.923
1995-01-01,Korea,Korea,3.441
1995-01-01,Turkey,Turkey,2.448
1995-01-01,Chile,Chile,0
1995-01-01,Estonia,Estonia,0
1995-01-01,Latvia,Latvia,0
1995-01-01,Lithuania,Lithuania,0
1995-01-01,Mexico,Mexico,0
1995-01-01,Slovak Republic,Slovak Republic,0
1995-01-01,Slovenia,Slovenia,0
1996-01-01,United States,United States,12.464
1996-01-01,France,France,9.834
1996-01-01,Germany,Germany,9.785
1996-01-01,Switzerland,Switzerland,9.7
1996-01-01,Austria,Austria,8.884
1996-01-01,Canada,Canada,8.363
1996-01-01,Iceland,Iceland,8.014
1996-01-01,Greece,Greece,7.878
1996-01-01,Denmark,Denmark,7.839
1996-01-01,Belgium,Belgium,7.754
1996-01-01,Sweden,Sweden,7.496
1996-01-01,Finland,Finland,7.476
1996-01-01,Portugal,Portugal,7.452
1996-01-01,Netherlands,Netherlands,7.29
1996-01-01,Norway,Norway,7.189
1996-01-01,Australia,Australia,7.074
1996-01-01,Spain,Spain,7.069
1996-01-01,Israel,Israel,7.008
1996-01-01,Italy,Italy,6.964
1996-01-01,New Zealand,New Zealand,6.891
1996-01-01,Hungary,Hungary,6.642
1996-01-01,Japan,Japan,6.124
1996-01-01,Ireland,Ireland,5.925
1996-01-01,Czech Republic,Czech Republic,5.62
1996-01-01,United Kingdom,United Kingdom,5.589
1996-01-01,Luxembourg,Luxembourg,5.341
1996-01-01,Poland,Poland,5.242
1996-01-01,Korea,Korea,3.625
1996-01-01,Turkey,Turkey,2.834
1996-01-01,Chile,Chile,0
1996-01-01,Estonia,Estonia,0
1996-01-01,Latvia,Latvia,0
1996-01-01,Lithuania,Lithuania,0
1996-01-01,Mexico,Mexico,0
1996-01-01,Slovak Republic,Slovak Republic,0
1996-01-01,Slovenia,Slovenia,0
1997-01-01,United States,United States,12.369
1997-01-01,Switzerland,Switzerland,9.72
1997-01-01,France,France,9.709
1997-01-01,Germany,Germany,9.664
1997-01-01,Austria,Austria,8.984
1997-01-01,Canada,Canada,8.345
1997-01-01,Iceland,Iceland,7.786
1997-01-01,Denmark,Denmark,7.75
1997-01-01,Norway,Norway,7.743
1997-01-01,Greece,Greece,7.694
1997-01-01,Belgium,Belgium,7.612
1997-01-01,Portugal,Portugal,7.413
1997-01-01,Sweden,Sweden,7.318
1997-01-01,Italy,Italy,7.224
1997-01-01,Israel,Israel,7.141
1997-01-01,Finland,Finland,7.132
1997-01-01,Netherlands,Netherlands,7.104
1997-01-01,New Zealand,New Zealand,7.098
1997-01-01,Australia,Australia,7.088
1997-01-01,Spain,Spain,6.953
1997-01-01,Japan,Japan,6.4
1997-01-01,Hungary,Hungary,6.305
1997-01-01,Ireland,Ireland,5.845
1997-01-01,Slovak Republic,Slovak Republic,5.654
1997-01-01,Czech Republic,Czech Republic,5.631
1997-01-01,United Kingdom,United Kingdom,5.469
1997-01-01,Luxembourg,Luxembourg,5.249
1997-01-01,Poland,Poland,5.107
1997-01-01,Korea,Korea,3.608
1997-01-01,Turkey,Turkey,3.06
1997-01-01,Chile,Chile,0
1997-01-01,Estonia,Estonia,0
1997-01-01,Latvia,Latvia,0
1997-01-01,Lithuania,Lithuania,0
1997-01-01,Mexico,Mexico,0
1997-01-01,Slovenia,Slovenia,0
1998-01-01,United States,United States,12.392
1998-01-01,Switzerland,Switzerland,9.831
1998-01-01,Germany,Germany,9.687
1998-01-01,France,France,9.61
1998-01-01,Austria,Austria,9.15
1998-01-01,Canada,Canada,8.577
1998-01-01,Iceland,Iceland,8.513
1998-01-01,Norway,Norway,8.427
1998-01-01,Belgium,Belgium,7.735
1998-01-01,Greece,Greece,7.578
1998-01-01,Denmark,Denmark,7.552
1998-01-01,New Zealand,New Zealand,7.513
1998-01-01,Sweden,Sweden,7.402
1998-01-01,Portugal,Portugal,7.381
1998-01-01,Italy,Italy,7.268
1998-01-01,Australia,Australia,7.248
1998-01-01,Netherlands,Netherlands,7.177
1998-01-01,Israel,Israel,7.084
1998-01-01,Spain,Spain,6.917
1998-01-01,Finland,Finland,6.823
1998-01-01,Hungary,Hungary,6.667
1998-01-01,Japan,Japan,6.615
1998-01-01,Ireland,Ireland,5.637
1998-01-01,Czech Republic,Czech Republic,5.62
1998-01-01,United Kingdom,United Kingdom,5.614
1998-01-01,Slovak Republic,Slovak Republic,5.551
1998-01-01,Luxembourg,Luxembourg,5.427
1998-01-01,Poland,Poland,5.031
1998-01-01,Korea,Korea,3.743
1998-01-01,Turkey,Turkey,3.509
1998-01-01,Chile,Chile,0
1998-01-01,Estonia,Estonia,0
1998-01-01,Latvia,Latvia,0
1998-01-01,Lithuania,Lithuania,0
1998-01-01,Mexico,Mexico,0
1998-01-01,Slovenia,Slovenia,0
1999-01-01,United States,United States,12.39
1999-01-01,Switzerland,Switzerland,9.961
1999-01-01,Germany,Germany,9.768
1999-01-01,France,France,9.611
1999-01-01,Austria,Austria,9.302
1999-01-01,Iceland,Iceland,8.913
1999-01-01,Norway,Norway,8.436
1999-01-01,Canada,Canada,8.358
1999-01-01,Denmark,Denmark,8.342
1999-01-01,Belgium,Belgium,7.9
1999-01-01,Greece,Greece,7.762
1999-01-01,Portugal,Portugal,7.62
1999-01-01,Sweden,Sweden,7.415
1999-01-01,New Zealand,New Zealand,7.397
1999-01-01,Italy,Italy,7.336
1999-01-01,Australia,Australia,7.334
1999-01-01,Netherlands,Netherlands,7.178
1999-01-01,Japan,Japan,6.976
1999-01-01,Spain,Spain,6.923
1999-01-01,Hungary,Hungary,6.871
1999-01-01,Finland,Finland,6.798
1999-01-01,Israel,Israel,6.785
1999-01-01,United Kingdom,United Kingdom,5.854
1999-01-01,Czech Republic,Czech Republic,5.796
1999-01-01,Estonia,Estonia,5.704
1999-01-01,Ireland,Ireland,5.59
1999-01-01,Slovak Republic,Slovak Republic,5.54
1999-01-01,Luxembourg,Luxembourg,5.526
1999-01-01,Poland,Poland,5.466
1999-01-01,Turkey,Turkey,4.465
1999-01-01,Mexico,Mexico,4.395
1999-01-01,Korea,Korea,3.943
1999-01-01,Chile,Chile,0
1999-01-01,Latvia,Latvia,0
1999-01-01,Lithuania,Lithuania,0
1999-01-01,Slovenia,Slovenia,0
2000-01-01,United States,United States,12.502
2000-01-01,Switzerland,Switzerland,9.844
2000-01-01,Germany,Germany,9.828
2000-01-01,France,France,9.541
2000-01-01,Austria,Austria,9.204
2000-01-01,Iceland,Iceland,9.028
2000-01-01,Portugal,Portugal,8.375
2000-01-01,Canada,Canada,8.276
2000-01-01,Denmark,Denmark,8.104
2000-01-01,Belgium,Belgium,7.942
2000-01-01,Slovenia,Slovenia,7.784
2000-01-01,Norway,Norway,7.709
2000-01-01,Australia,Australia,7.617
2000-01-01,Italy,Italy,7.58
2000-01-01,New Zealand,New Zealand,7.47
2000-01-01,Sweden,Sweden,7.412
2000-01-01,Greece,Greece,7.243
2000-01-01,Japan,Japan,7.151
2000-01-01,Netherlands,Netherlands,7.056
2000-01-01,Chile,Chile,7.035
2000-01-01,Finland,Finland,6.837
2000-01-01,Spain,Spain,6.816
2000-01-01,Israel,Israel,6.802
2000-01-01,Hungary,Hungary,6.765
2000-01-01,Lithuania,Lithuania,6.192
2000-01-01,United Kingdom,United Kingdom,5.972
2000-01-01,Ireland,Ireland,5.905
2000-01-01,Luxembourg,Luxembourg,5.901
2000-01-01,Czech Republic,Czech Republic,5.718
2000-01-01,Latvia,Latvia,5.448
2000-01-01,Slovak Republic,Slovak Republic,5.313
2000-01-01,Poland,Poland,5.298
2000-01-01,Estonia,Estonia,5.165
2000-01-01,Turkey,Turkey,4.622
2000-01-01,Mexico,Mexico,4.449
2000-01-01,Korea,Korea,3.999
2001-01-01,United States,United States,13.169
2001-01-01,Switzerland,Switzerland,10.231
2001-01-01,Germany,Germany,9.864
2001-01-01,France,France,9.665
2001-01-01,Austria,Austria,9.269
2001-01-01,Iceland,Iceland,8.892
2001-01-01,Canada,Canada,8.655
2001-01-01,Denmark,Denmark,8.448
2001-01-01,Portugal,Portugal,8.404
2001-01-01,Belgium,Belgium,8.105
2001-01-01,Sweden,Sweden,8.034
2001-01-01,Norway,Norway,8.021
2001-01-01,Greece,Greece,7.988
2001-01-01,Slovenia,Slovenia,7.876
2001-01-01,Italy,Italy,7.769
2001-01-01,Australia,Australia,7.699
2001-01-01,New Zealand,New Zealand,7.579
2001-01-01,Netherlands,Netherlands,7.441
2001-01-01,Japan,Japan,7.359
2001-01-01,Israel,Israel,7.229
2001-01-01,Chile,Chile,7.151
2001-01-01,Finland,Finland,6.985
2001-01-01,Hungary,Hungary,6.817
2001-01-01,Spain,Spain,6.783
2001-01-01,Luxembourg,Luxembourg,6.41
2001-01-01,Ireland,Ireland,6.399
2001-01-01,United Kingdom,United Kingdom,6.329
2001-01-01,Lithuania,Lithuania,6.006
2001-01-01,Czech Republic,Czech Republic,5.888
2001-01-01,Latvia,Latvia,5.778
2001-01-01,Poland,Poland,5.679
2001-01-01,Slovak Republic,Slovak Republic,5.34
2001-01-01,Turkey,Turkey,4.924
2001-01-01,Mexico,Mexico,4.82
2001-01-01,Estonia,Estonia,4.788
2001-01-01,Korea,Korea,4.681
2002-01-01,United States,United States,13.954
2002-01-01,Switzerland,Switzerland,10.641
2002-01-01,Germany,Germany,10.11
2002-01-01,France,France,9.982
2002-01-01,Iceland,Iceland,9.579
2002-01-01,Austria,Austria,9.395
2002-01-01,Norway,Norway,9.005
2002-01-01,Canada,Canada,8.888
2002-01-01,Denmark,Denmark,8.703
2002-01-01,Portugal,Portugal,8.558
2002-01-01,Sweden,Sweden,8.362
2002-01-01,Belgium,Belgium,8.263
2002-01-01,Greece,Greece,8.234
2002-01-01,Slovenia,Slovenia,7.996
2002-01-01,Netherlands,Netherlands,7.954
2002-01-01,New Zealand,New Zealand,7.9
2002-01-01,Australia,Australia,7.897
2002-01-01,Italy,Italy,7.893
2002-01-01,Japan,Japan,7.473
2002-01-01,Finland,Finland,7.359
2002-01-01,Chile,Chile,7.266
2002-01-01,Israel,Israel,7.151
2002-01-01,Hungary,Hungary,7.11
2002-01-01,Spain,Spain,6.803
2002-01-01,Luxembourg,Luxembourg,6.738
2002-01-01,Ireland,Ireland,6.675
2002-01-01,United Kingdom,United Kingdom,6.587
2002-01-01,Czech Republic,Czech Republic,6.199
2002-01-01,Lithuania,Lithuania,6.136
2002-01-01,Poland,Poland,6.079
2002-01-01,Latvia,Latvia,5.769
2002-01-01,Slovak Republic,Slovak Republic,5.517
2002-01-01,Turkey,Turkey,5.101
2002-01-01,Mexico,Mexico,5.072
2002-01-01,Estonia,Estonia,4.733
2002-01-01,Korea,Korea,4.395
2003-01-01,United States,United States,14.455
2003-01-01,Switzerland,Switzerland,10.936
2003-01-01,Germany,Germany,10.332
2003-01-01,Iceland,Iceland,10.064
2003-01-01,France,France,10.041
2003-01-01,Austria,Austria,9.547
2003-01-01,Norway,Norway,9.219
2003-01-01,Belgium,Belgium,9.043
2003-01-01,Canada,Canada,9.043
2003-01-01,Denmark,Denmark,8.904
2003-01-01,Portugal,Portugal,8.902
2003-01-01,Sweden,Sweden,8.464
2003-01-01,Netherlands,Netherlands,8.457
2003-01-01,Greece,Greece,8.198
2003-01-01,Hungary,Hungary,8.117
2003-01-01,Slovenia,Slovenia,8.082
2003-01-01,Australia,Australia,7.912
2003-01-01,Italy,Italy,7.855
2003-01-01,New Zealand,New Zealand,7.722
2003-01-01,Finland,Finland,7.663
2003-01-01,Japan,Japan,7.611
2003-01-01,Spain,Spain,7.53
2003-01-01,Chile,Chile,7.333
2003-01-01,Israel,Israel,7.095
2003-01-01,Ireland,Ireland,7.009
2003-01-01,Luxembourg,Luxembourg,6.971
2003-01-01,United Kingdom,United Kingdom,6.851
2003-01-01,Czech Republic,Czech Republic,6.554
2003-01-01,Lithuania,Lithuania,6.179
2003-01-01,Poland,Poland,5.962
2003-01-01,Mexico,Mexico,5.815
2003-01-01,Latvia,Latvia,5.49
2003-01-01,Slovak Republic,Slovak Republic,5.458
2003-01-01,Turkey,Turkey,5.059
2003-01-01,Estonia,Estonia,4.885
2003-01-01,Korea,Korea,4.665
2004-01-01,United States,United States,14.537
2004-01-01,Switzerland,Switzerland,11.004
2004-01-01,France,France,10.124
2004-01-01,Germany,Germany,10.076
2004-01-01,Austria,Austria,9.709
2004-01-01,Iceland,Iceland,9.542
2004-01-01,Portugal,Portugal,9.295
2004-01-01,Canada,Canada,9.097
2004-01-01,Belgium,Belgium,9.054
2004-01-01,Denmark,Denmark,9.007
2004-01-01,Norway,Norway,8.826
2004-01-01,Netherlands,Netherlands,8.521
2004-01-01,Sweden,Sweden,8.261
2004-01-01,Italy,Italy,8.188
2004-01-01,Australia,Australia,8.118
2004-01-01,Greece,Greece,7.932
2004-01-01,Slovenia,Slovenia,7.927
2004-01-01,New Zealand,New Zealand,7.901
2004-01-01,Finland,Finland,7.791
2004-01-01,Hungary,Hungary,7.762
2004-01-01,Japan,Japan,7.657
2004-01-01,Spain,Spain,7.619
2004-01-01,Luxembourg,Luxembourg,7.347
2004-01-01,Ireland,Ireland,7.225
2004-01-01,United Kingdom,United Kingdom,7.051
2004-01-01,Israel,Israel,7.028
2004-01-01,Chile,Chile,6.901
2004-01-01,Slovak Republic,Slovak Republic,6.48
2004-01-01,Czech Republic,Czech Republic,6.385
2004-01-01,Latvia,Latvia,6.229
2004-01-01,Mexico,Mexico,5.954
2004-01-01,Poland,Poland,5.869
2004-01-01,Lithuania,Lithuania,5.506
2004-01-01,Estonia,Estonia,5.093
2004-01-01,Turkey,Turkey,4.959
2004-01-01,Korea,Korea,4.642
2005-01-01,United States,United States,14.541
2005-01-01,Switzerland,Switzerland,10.822
2005-01-01,Germany,Germany,10.225
2005-01-01,France,France,10.18
2005-01-01,Austria,Austria,9.627
2005-01-01,Portugal,Portugal,9.433
2005-01-01,Netherlands,Netherlands,9.271
2005-01-01,Iceland,Iceland,9.213
2005-01-01,Denmark,Denmark,9.091
2005-01-01,Canada,Canada,9.064
2005-01-01,Greece,Greece,8.997
2005-01-01,Belgium,Belgium,8.966
2005-01-01,Italy,Italy,8.361
2005-01-01,Norway,Norway,8.333
2005-01-01,Sweden,Sweden,8.277
2005-01-01,New Zealand,New Zealand,8.273
2005-01-01,Finland,Finland,7.998
2005-01-01,Hungary,Hungary,7.997
2005-01-01,Australia,Australia,7.996
2005-01-01,Slovenia,Slovenia,7.965
2005-01-01,Japan,Japan,7.781
2005-01-01,Spain,Spain,7.676
2005-01-01,Ireland,Ireland,7.648
2005-01-01,United Kingdom,United Kingdom,7.187
2005-01-01,Luxembourg,Luxembourg,7.184
2005-01-01,Israel,Israel,7.127
2005-01-01,Slovak Republic,Slovak Republic,6.598
2005-01-01,Chile,Chile,6.589
2005-01-01,Czech Republic,Czech Republic,6.381
2005-01-01,Latvia,Latvia,5.86
2005-01-01,Mexico,Mexico,5.836
2005-01-01,Poland,Poland,5.807
2005-01-01,Lithuania,Lithuania,5.642
2005-01-01,Estonia,Estonia,4.956
2005-01-01,Turkey,Turkey,4.942
2005-01-01,Korea,Korea,4.891
2006-01-01,United States,United States,14.658
2006-01-01,France,France,10.328
2006-01-01,Switzerland,Switzerland,10.214
2006-01-01,Germany,Germany,10.113
2006-01-01,Austria,Austria,9.531
2006-01-01,Canada,Canada,9.207
2006-01-01,Netherlands,Netherlands,9.182
2006-01-01,Denmark,Denmark,9.169
2006-01-01,Portugal,Portugal,9.136
2006-01-01,Greece,Greece,8.965
2006-01-01,Iceland,Iceland,8.916
2006-01-01,Belgium,Belgium,8.863
2006-01-01,New Zealand,New Zealand,8.633
2006-01-01,Italy,Italy,8.46
2006-01-01,Sweden,Sweden,8.161
2006-01-01,Finland,Finland,8.005
2006-01-01,Australia,Australia,8
2006-01-01,Norway,Norway,7.916
2006-01-01,Japan,Japan,7.808
2006-01-01,Hungary,Hungary,7.806
2006-01-01,Slovenia,Slovenia,7.802
2006-01-01,Spain,Spain,7.755
2006-01-01,Ireland,Ireland,7.513
2006-01-01,United Kingdom,United Kingdom,7.327
2006-01-01,Israel,Israel,6.935
2006-01-01,Slovak Republic,Slovak Republic,6.862
2006-01-01,Luxembourg,Luxembourg,6.71
2006-01-01,Czech Republic,Czech Republic,6.196
2006-01-01,Chile,Chile,6.035
2006-01-01,Lithuania,Lithuania,5.838
2006-01-01,Poland,Poland,5.801
2006-01-01,Latvia,Latvia,5.737
2006-01-01,Mexico,Mexico,5.655
2006-01-01,Korea,Korea,5.236
2006-01-01,Turkey,Turkey,5.188
2006-01-01,Estonia,Estonia,4.918
2007-01-01,United States,United States,14.898
2007-01-01,France,France,10.263
2007-01-01,Switzerland,Switzerland,10.016
2007-01-01,Germany,Germany,9.969
2007-01-01,Austria,Austria,9.532
2007-01-01,Denmark,Denmark,9.325
2007-01-01,Canada,Canada,9.298
2007-01-01,Netherlands,Netherlands,9.237
2007-01-01,Portugal,Portugal,9.066
2007-01-01,Greece,Greece,9.06
2007-01-01,Belgium,Belgium,8.889
2007-01-01,Iceland,Iceland,8.711
2007-01-01,New Zealand,New Zealand,8.321
2007-01-01,Italy,Italy,8.163
2007-01-01,Australia,Australia,8.078
2007-01-01,Sweden,Sweden,8.074
2007-01-01,Norway,Norway,8.048
2007-01-01,Japan,Japan,7.89
2007-01-01,Spain,Spain,7.837
2007-01-01,Finland,Finland,7.826
2007-01-01,Ireland,Ireland,7.802
2007-01-01,Slovenia,Slovenia,7.494
2007-01-01,United Kingdom,United Kingdom,7.432
2007-01-01,Hungary,Hungary,7.221
2007-01-01,Slovak Republic,Slovak Republic,7.19
2007-01-01,Israel,Israel,6.919
2007-01-01,Luxembourg,Luxembourg,6.234
2007-01-01,Chile,Chile,6.175
2007-01-01,Czech Republic,Czech Republic,6.016
2007-01-01,Poland,Poland,5.873
2007-01-01,Mexico,Mexico,5.766
2007-01-01,Lithuania,Lithuania,5.758
2007-01-01,Latvia,Latvia,5.539
2007-01-01,Korea,Korea,5.425
2007-01-01,Turkey,Turkey,5.281
2007-01-01,Estonia,Estonia,5.028
2008-01-01,United States,United States,15.294
2008-01-01,France,France,10.454
2008-01-01,Germany,Germany,10.155
2008-01-01,Switzerland,Switzerland,10.151
2008-01-01,Austria,Austria,9.726
2008-01-01,Denmark,Denmark,9.511
2008-01-01,Netherlands,Netherlands,9.511
2008-01-01,Canada,Canada,9.465
2008-01-01,Greece,Greece,9.383
2008-01-01,Portugal,Portugal,9.353
2008-01-01,Belgium,Belgium,9.272
2008-01-01,New Zealand,New Zealand,9.114
2008-01-01,Ireland,Ireland,9.103
2008-01-01,Iceland,Iceland,8.707
2008-01-01,Italy,Italy,8.562
2008-01-01,Sweden,Sweden,8.313
2008-01-01,Spain,Spain,8.289
2008-01-01,Australia,Australia,8.268
2008-01-01,Japan,Japan,8.2
2008-01-01,Finland,Finland,8.084
2008-01-01,Norway,Norway,7.956
2008-01-01,Slovenia,Slovenia,7.849
2008-01-01,United Kingdom,United Kingdom,7.681
2008-01-01,Hungary,Hungary,7.103
2008-01-01,Israel,Israel,7
2008-01-01,Slovak Republic,Slovak Republic,6.966
2008-01-01,Chile,Chile,6.74
2008-01-01,Luxembourg,Luxembourg,6.538
2008-01-01,Poland,Poland,6.373
2008-01-01,Czech Republic,Czech Republic,6.36
2008-01-01,Lithuania,Lithuania,6.287
2008-01-01,Estonia,Estonia,5.752
2008-01-01,Korea,Korea,5.706
2008-01-01,Mexico,Mexico,5.699
2008-01-01,Latvia,Latvia,5.625
2008-01-01,Turkey,Turkey,5.259
2009-01-01,United States,United States,16.343
2009-01-01,France,France,11.244
2009-01-01,Germany,Germany,11.137
2009-01-01,Switzerland,Switzerland,10.809
2009-01-01,Denmark,Denmark,10.674
2009-01-01,Canada,Canada,10.574
2009-01-01,Ireland,Ireland,10.487
2009-01-01,Netherlands,Netherlands,10.236
2009-01-01,Austria,Austria,10.226
2009-01-01,Belgium,Belgium,9.996
2009-01-01,Portugal,Portugal,9.879
2009-01-01,New Zealand,New Zealand,9.624
2009-01-01,Greece,Greece,9.468
2009-01-01,Norway,Norway,9.064
2009-01-01,Japan,Japan,9.058
2009-01-01,Iceland,Iceland,9.019
2009-01-01,Spain,Spain,8.989
2009-01-01,Italy,Italy,8.977
2009-01-01,Sweden,Sweden,8.944
2009-01-01,Finland,Finland,8.872
2009-01-01,Australia,Australia,8.577
2009-01-01,Slovenia,Slovenia,8.562
2009-01-01,United Kingdom,United Kingdom,8.527
2009-01-01,Slovak Republic,Slovak Republic,7.957
2009-01-01,Lithuania,Lithuania,7.356
2009-01-01,Luxembourg,Luxembourg,7.34
2009-01-01,Czech Republic,Czech Republic,7.293
2009-01-01,Hungary,Hungary,7.249
2009-01-01,Chile,Chile,7.209
2009-01-01,Israel,Israel,7.091
2009-01-01,Poland,Poland,6.587
2009-01-01,Estonia,Estonia,6.543
2009-01-01,Latvia,Latvia,6.154
2009-01-01,Mexico,Mexico,6.13
2009-01-01,Korea,Korea,6.117
2009-01-01,Turkey,Turkey,5.534
2010-01-01,United States,United States,16.413
2010-01-01,France,France,11.179
2010-01-01,Germany,Germany,11.004
2010-01-01,Switzerland,Switzerland,10.699
2010-01-01,Canada,Canada,10.556
2010-01-01,Ireland,Ireland,10.512
2010-01-01,Netherlands,Netherlands,10.403
2010-01-01,Denmark,Denmark,10.333
2010-01-01,Austria,Austria,10.221
2010-01-01,Belgium,Belgium,9.841
2010-01-01,Portugal,Portugal,9.819
2010-01-01,New Zealand,New Zealand,9.588
2010-01-01,Greece,Greece,9.56
2010-01-01,Japan,Japan,9.157
2010-01-01,Spain,Spain,9.022
2010-01-01,Italy,Italy,8.954
2010-01-01,Norway,Norway,8.898
2010-01-01,Finland,Finland,8.869
2010-01-01,Iceland,Iceland,8.771
2010-01-01,Slovenia,Slovenia,8.591
2010-01-01,Sweden,Sweden,8.486
2010-01-01,United Kingdom,United Kingdom,8.474
2010-01-01,Australia,Australia,8.445
2010-01-01,Slovak Republic,Slovak Republic,7.801
2010-01-01,Hungary,Hungary,7.52
2010-01-01,Israel,Israel,7.051
2010-01-01,Luxembourg,Luxembourg,7.031
2010-01-01,Czech Republic,Czech Republic,6.928
2010-01-01,Lithuania,Lithuania,6.816
2010-01-01,Chile,Chile,6.775
2010-01-01,Poland,Poland,6.419
2010-01-01,Estonia,Estonia,6.334
2010-01-01,Korea,Korea,6.241
2010-01-01,Latvia,Latvia,6.148
2010-01-01,Mexico,Mexico,5.975
2010-01-01,Turkey,Turkey,5.054
2011-01-01,United States,United States,16.367
2011-01-01,France,France,11.194
2011-01-01,Switzerland,Switzerland,10.769
2011-01-01,Germany,Germany,10.715
2011-01-01,Ireland,Ireland,10.71
2011-01-01,Sweden,Sweden,10.679
2011-01-01,Japan,Japan,10.617
2011-01-01,Netherlands,Netherlands,10.521
2011-01-01,Canada,Canada,10.23
2011-01-01,Denmark,Denmark,10.153
2011-01-01,Austria,Austria,10.026
2011-01-01,Belgium,Belgium,10.004
2011-01-01,Portugal,Portugal,9.531
2011-01-01,New Zealand,New Zealand,9.51
2011-01-01,Greece,Greece,9.098
2011-01-01,Spain,Spain,9.091
2011-01-01,Finland,Finland,8.949
2011-01-01,Italy,Italy,8.835
2011-01-01,Norway,Norway,8.779
2011-01-01,Slovenia,Slovenia,8.574
2011-01-01,Australia,Australia,8.557
2011-01-01,Iceland,Iceland,8.49
2011-01-01,United Kingdom,United Kingdom,8.422
2011-01-01,Hungary,Hungary,7.543
2011-01-01,Slovak Republic,Slovak Republic,7.418
2011-01-01,Israel,Israel,7.003
2011-01-01,Czech Republic,Czech Republic,6.977
2011-01-01,Chile,Chile,6.772
2011-01-01,Lithuania,Lithuania,6.496
2011-01-01,Korea,Korea,6.302
2011-01-01,Poland,Poland,6.234
2011-01-01,Luxembourg,Luxembourg,6.112
2011-01-01,Estonia,Estonia,5.823
2011-01-01,Mexico,Mexico,5.701
2011-01-01,Latvia,Latvia,5.572
2011-01-01,Turkey,Turkey,4.688
2012-01-01,United States,United States,16.366
2012-01-01,France,France,11.321
2012-01-01,Switzerland,Switzerland,11.058
2012-01-01,Sweden,Sweden,10.938
2012-01-01,Netherlands,Netherlands,10.904
2012-01-01,Japan,Japan,10.791
2012-01-01,Ireland,Ireland,10.772
2012-01-01,Germany,Germany,10.767
2012-01-01,Denmark,Denmark,10.241
2012-01-01,Canada,Canada,10.24
2012-01-01,Austria,Austria,10.199
2012-01-01,Belgium,Belgium,10.107
2012-01-01,New Zealand,New Zealand,9.652
2012-01-01,Portugal,Portugal,9.348
2012-01-01,Finland,Finland,9.291
2012-01-01,Spain,Spain,9.076
2012-01-01,Italy,Italy,8.956
2012-01-01,Greece,Greece,8.883
2012-01-01,Norway,Norway,8.765
2012-01-01,Slovenia,Slovenia,8.758
2012-01-01,Australia,Australia,8.689
2012-01-01,Iceland,Iceland,8.443
2012-01-01,United Kingdom,United Kingdom,8.339
2012-01-01,Slovak Republic,Slovak Republic,7.634
2012-01-01,Hungary,Hungary,7.466
2012-01-01,Israel,Israel,7.142
2012-01-01,Czech Republic,Czech Republic,7.028
2012-01-01,Chile,Chile,7.021
2012-01-01,Luxembourg,Luxembourg,6.572
2012-01-01,Korea,Korea,6.437
2012-01-01,Lithuania,Lithuania,6.288
2012-01-01,Poland,Poland,6.201
2012-01-01,Mexico,Mexico,5.842
2012-01-01,Estonia,Estonia,5.827
2012-01-01,Latvia,Latvia,5.42
2012-01-01,Turkey,Turkey,4.478
2013-01-01,United States,United States,16.331
2013-01-01,France,France,11.442
2013-01-01,Switzerland,Switzerland,11.314
2013-01-01,Sweden,Sweden,11.101
2013-01-01,Germany,Germany,10.915
2013-01-01,Netherlands,Netherlands,10.897
2013-01-01,Japan,Japan,10.792
2013-01-01,Ireland,Ireland,10.3
2013-01-01,Austria,Austria,10.286
2013-01-01,Belgium,Belgium,10.271
2013-01-01,Denmark,Denmark,10.17
2013-01-01,Canada,Canada,10.133
2013-01-01,United Kingdom,United Kingdom,9.772
2013-01-01,Finland,Finland,9.492
2013-01-01,New Zealand,New Zealand,9.366
2013-01-01,Portugal,Portugal,9.09
2013-01-01,Spain,Spain,9.025
2013-01-01,Italy,Italy,8.952
2013-01-01,Norway,Norway,8.917
2013-01-01,Slovenia,Slovenia,8.792
2013-01-01,Australia,Australia,8.774
2013-01-01,Iceland,Iceland,8.478
2013-01-01,Greece,Greece,8.414
2013-01-01,Czech Republic,Czech Republic,7.807
2013-01-01,Slovak Republic,Slovak Republic,7.528
2013-01-01,Chile,Chile,7.359
2013-01-01,Hungary,Hungary,7.259
2013-01-01,Israel,Israel,7.11
2013-01-01,Korea,Korea,6.578
2013-01-01,Luxembourg,Luxembourg,6.555
2013-01-01,Poland,Poland,6.375
2013-01-01,Lithuania,Lithuania,6.14
2013-01-01,Estonia,Estonia,6.01
2013-01-01,Mexico,Mexico,5.941
2013-01-01,Latvia,Latvia,5.4
2013-01-01,Turkey,Turkey,4.404
2014-01-01,United States,United States,16.505
2014-01-01,France,France,11.595
2014-01-01,Switzerland,Switzerland,11.494
2014-01-01,Sweden,Sweden,11.141
2014-01-01,Germany,Germany,10.957
2014-01-01,Netherlands,Netherlands,10.859
2014-01-01,Japan,Japan,10.832
2014-01-01,Austria,Austria,10.371
2014-01-01,Belgium,Belgium,10.341
2014-01-01,Denmark,Denmark,10.172
2014-01-01,Canada,Canada,9.97
2014-01-01,United Kingdom,United Kingdom,9.724
2014-01-01,Ireland,Ireland,9.686
2014-01-01,Finland,Finland,9.48
2014-01-01,New Zealand,New Zealand,9.418
2014-01-01,Norway,Norway,9.328
2014-01-01,Australia,Australia,9.055
2014-01-01,Spain,Spain,9.024
2014-01-01,Portugal,Portugal,9.022
2014-01-01,Italy,Italy,9.011
2014-01-01,Slovenia,Slovenia,8.506
2014-01-01,Iceland,Iceland,8.497
2014-01-01,Greece,Greece,7.95
2014-01-01,Czech Republic,Czech Republic,7.653
2014-01-01,Chile,Chile,7.624
2014-01-01,Israel,Israel,7.211
2014-01-01,Hungary,Hungary,7.093
2014-01-01,Slovak Republic,Slovak Republic,6.908
2014-01-01,Korea,Korea,6.82
2014-01-01,Luxembourg,Luxembourg,6.429
2014-01-01,Poland,Poland,6.248
2014-01-01,Estonia,Estonia,6.208
2014-01-01,Lithuania,Lithuania,6.195
2014-01-01,Mexico,Mexico,5.608
2014-01-01,Latvia,Latvia,5.465
2014-01-01,Turkey,Turkey,4.347
2015-01-01,United States,United States,16.816
2015-01-01,Switzerland,Switzerland,11.894
2015-01-01,France,France,11.501
2015-01-01,Germany,Germany,11.079
2015-01-01,Sweden,Sweden,11.008
2015-01-01,Japan,Japan,10.872
2015-01-01,Netherlands,Netherlands,10.395
2015-01-01,Canada,Canada,10.377
2015-01-01,Austria,Austria,10.343
2015-01-01,Denmark,Denmark,10.274
2015-01-01,Norway,Norway,10.109
2015-01-01,Belgium,Belgium,10.106
2015-01-01,United Kingdom,United Kingdom,9.793
2015-01-01,Finland,Finland,9.743
2015-01-01,Australia,Australia,9.33
2015-01-01,New Zealand,New Zealand,9.307
2015-01-01,Spain,Spain,9.12
2015-01-01,Italy,Italy,8.985
2015-01-01,Portugal,Portugal,8.972
2015-01-01,Slovenia,Slovenia,8.502
2015-01-01,Iceland,Iceland,8.346
2015-01-01,Greece,Greece,8.194
2015-01-01,Chile,Chile,8.022
2015-01-01,Ireland,Ireland,7.446
2015-01-01,Israel,Israel,7.375
2015-01-01,Czech Republic,Czech Republic,7.149
2015-01-01,Hungary,Hungary,7.121
2015-01-01,Korea,Korea,7.049
2015-01-01,Slovak Republic,Slovak Republic,6.868
2015-01-01,Estonia,Estonia,6.482
2015-01-01,Lithuania,Lithuania,6.476
2015-01-01,Poland,Poland,6.343
2015-01-01,Luxembourg,Luxembourg,6.19
2015-01-01,Mexico,Mexico,5.756
2015-01-01,Latvia,Latvia,5.711
2015-01-01,Turkey,Turkey,4.139
2016-01-01,United States,United States,17.073
2016-01-01,Switzerland,Switzerland,12.248
2016-01-01,France,France,11.539
2016-01-01,Germany,Germany,11.139
2016-01-01,Sweden,Sweden,10.935
2016-01-01,Japan,Japan,10.84
2016-01-01,Canada,Canada,10.535
2016-01-01,Norway,Norway,10.501
2016-01-01,Austria,Austria,10.438
2016-01-01,Netherlands,Netherlands,10.359
2016-01-01,Denmark,Denmark,10.35
2016-01-01,Belgium,Belgium,10.038
2016-01-01,United Kingdom,United Kingdom,9.762
2016-01-01,Finland,Finland,9.493
2016-01-01,Australia,Australia,9.252
2016-01-01,New Zealand,New Zealand,9.222
2016-01-01,Portugal,Portugal,9.076
2016-01-01,Spain,Spain,8.97
2016-01-01,Italy,Italy,8.935
2016-01-01,Slovenia,Slovenia,8.468
2016-01-01,Greece,Greece,8.454
2016-01-01,Iceland,Iceland,8.292
2016-01-01,Chile,Chile,8.189
2016-01-01,Ireland,Ireland,7.378
2016-01-01,Hungary,Hungary,7.365
2016-01-01,Korea,Korea,7.338
2016-01-01,Israel,Israel,7.314
2016-01-01,Czech Republic,Czech Republic,7.142
2016-01-01,Slovak Republic,Slovak Republic,7.125
2016-01-01,Estonia,Estonia,6.684
2016-01-01,Lithuania,Lithuania,6.672
2016-01-01,Poland,Poland,6.516
2016-01-01,Latvia,Latvia,6.243
2016-01-01,Luxembourg,Luxembourg,6.163
2016-01-01,Mexico,Mexico,5.469
2016-01-01,Turkey,Turkey,4.314
2017-01-01,United States,United States,17.15
2017-01-01,Switzerland,Switzerland,12.259
2017-01-01,France,France,11.458
2017-01-01,Germany,Germany,11.272
2017-01-01,Sweden,Sweden,10.916
2017-01-01,Japan,Japan,10.745
2017-01-01,Canada,Canada,10.411
2017-01-01,Norway,Norway,10.369
2017-01-01,Austria,Austria,10.321
2017-01-01,Denmark,Denmark,10.218
2017-01-01,Netherlands,Netherlands,10.143
2017-01-01,Belgium,Belgium,10.02
2017-01-01,United Kingdom,United Kingdom,9.645
2017-01-01,Finland,Finland,9.22
2017-01-01,Australia,Australia,9.133
2017-01-01,New Zealand,New Zealand,9.001
2017-01-01,Portugal,Portugal,8.985
2017-01-01,Italy,Italy,8.901
2017-01-01,Spain,Spain,8.841
2017-01-01,Iceland,Iceland,8.486
2017-01-01,Greece,Greece,8.366
2017-01-01,Chile,Chile,8.091
2017-01-01,Slovenia,Slovenia,7.972
2017-01-01,Korea,Korea,7.569
2017-01-01,Israel,Israel,7.372
2017-01-01,Hungary,Hungary,7.218
2017-01-01,Ireland,Ireland,7.098
2017-01-01,Czech Republic,Czech Republic,7.079
2017-01-01,Slovak Republic,Slovak Republic,7.06
2017-01-01,Estonia,Estonia,6.719
2017-01-01,Poland,Poland,6.675
2017-01-01,Lithuania,Lithuania,6.313
2017-01-01,Latvia,Latvia,6.269
2017-01-01,Luxembourg,Luxembourg,6.079
2017-01-01,Mexico,Mexico,5.404
2017-01-01,Turkey,Turkey,4.227
